{
  "eslint.config.mjs": 1773901155.4900024,
  "middleware.ts": 1776190310.6341577,
  "next-env.d.ts": 1776201910.1663241,
  "next.config.ts": 1776192338.7720852,
  "postcss.config.mjs": 1773901155.6260035,
  "prisma.config.ts": 1774011759.8983285,
  "app\\layout.tsx": 1773901155.4660015,
  "app\\page.tsx": 1776582099.2725565,
  "app\\admin\\page.tsx": 1776711189.252532,
  "app\\admin\\conversations\\page.tsx": 1776710539.0769012,
  "app\\admin\\dashboard\\page.tsx": 1776898835.4477700,
  "app\\admin\\knowledge\\page.tsx": 1776898835.4477700,
  "app\\admin\\login\\page.tsx": 1776711231.24897,
  "app\\api\\admin\\analytics\\route.ts": 1776710365.3946552,
  "app\\api\\admin\\appointments\\route.ts": 1774017319.4221928,
  "app\\api\\admin\\auth\\login\\route.ts": 1774200816.6603136,
  "app\\api\\admin\\auth\\logout\\route.ts": 1774197313.4987555,
  "app\\api\\admin\\auth\\me\\route.ts": 1774200468.1361265,
  "app\\api\\admin\\conversations\\route.ts": 1776710407.5721693,
  "app\\api\\admin\\conversations\\[id]\\route.ts": 1776710422.2593305,
  "app\\api\\admin\\leads\\route.ts": 1776710373.8804195,
  "app\\api\\admin\\knowledge\\route.ts": 1776898835.4477700,
  "app\\api\\admin\\knowledge\\[id]\\route.ts": 1776898835.4477700,
  "app\\api\\admin\\leads\\[id]\\route.ts": 1776710395.3536787,
  "app\\api\\chatbot\\route.ts": 1776581182.8204198,
  "app\\api\\embed\\route.ts": 1774018150.7976396,
  "app\\api\\faq\\route.ts": 1773901155.4260032,
  "app\\api\\schedule\\route.ts": 1774018157.7404122,
  "app\\chatbot\\components\\ChatWindow.tsx": 1773901155.4340026,
  "app\\chatbot\\components\\CourseCaraousel.tsx": 1775907944.0567262,
  "app\\chatbot\\components\\InputBox.tsx": 1773901155.442003,
  "app\\chatbot\\components\\MessageBubble.tsx": 1773901155.442003,
  "app\\chatbot\\components\\QuickReplies.tsx": 1773901155.442003,
  "app\\chatbot\\hooks\\useChat.ts": 1776582037.163465,
  "config\\constants.ts": 1773901155.4820027,
  "config\\prompts.ts": 1773901155.4900024,
  "generated\\prisma\\client.d.ts": 1776711810.9944186,
  "generated\\prisma\\client.js": 1776711810.9944186,
  "generated\\prisma\\default.d.ts": 1776711810.9944186,
  "generated\\prisma\\default.js": 1776711810.9944186,
  "generated\\prisma\\edge.d.ts": 1776711810.9964185,
  "generated\\prisma\\edge.js": 1776711810.9964185,
  "generated\\prisma\\index-browser.js": 1776711810.9944186,
  "generated\\prisma\\index.d.ts": 1776711810.992416,
  "generated\\prisma\\index.js": 1776711810.992416,
  "generated\\prisma\\query_compiler_fast_bg.js": 1773765504.7564478,
  "generated\\prisma\\query_compiler_fast_bg.wasm-base64.js": 1773765510.078395,
  "generated\\prisma\\wasm-edge-light-loader.mjs": 1776711810.9944186,
  "generated\\prisma\\wasm-worker-loader.mjs": 1776711810.9964185,
  "generated\\prisma\\runtime\\client.d.ts": 1773765546.961902,
  "generated\\prisma\\runtime\\client.js": 1776711811.0164182,
  "generated\\prisma\\runtime\\index-browser.d.ts": 1773765547.0513325,
  "generated\\prisma\\runtime\\index-browser.js": 1776711811.0154207,
  "generated\\prisma\\runtime\\wasm-compiler-edge.js": 1776711811.0154207,
  "graphify-out\\_detect_summary.py": 1776713160.970431,
  "graphify-out\\_run_detect.py": 1776713187.023524,
  "lib\\ai\\embeddings.ts": 1776898835.4477700,
  "lib\\ai\\knowledge-parser.ts": 1776898835.4477700,
  "lib\\ai\\intent.ts": 1776580588.0981338,
  "lib\\ai\\llm.ts": 1776194547.5209634,
  "lib\\ai\\response.ts": 1773901155.5940073,
  "lib\\analytics\\metrics.ts": 1773901155.6020093,
  "lib\\auth\\jwt.ts": 1774202191.7934327,
  "lib\\auth\\middleware.ts": 1776710348.4495351,
  "lib\\auth\\permissions.ts": 1776898835.4477700,
  "lib\\crm\\leadService.ts": 1773901155.6020093,
  "lib\\crm\\scoring.ts": 1773901155.6020093,
  "lib\\crm\\tagging.ts": 1773901155.6020093,
  "lib\\db\\prisma.ts": 1774776413.8955023,
  "lib\\db\\queries.ts": 1773901155.6100082,
  "lib\\scheduler\\calendar.ts": 1774025238.761691,
  "lib\\utils\\helpers.ts": 1773901155.6180027,
  "lib\\utils\\logger.ts": 1773901155.6180027,
  "prisma\\sccripts\\seed.ts": 1776194146.7972758,
  "prisma\\sccripts\\seedAdmin.ts": 1776711205.1767392,
  "prisma\\sccripts\\testAnalytics.ts": 1776711999.379414,
  "types\\analytics.ts": 1773901155.706005,
  "types\\chat.ts": 1773901155.706005,
  "types\\lead.ts": 1773901155.706005,
  "implementation_plan.md": 1776709977.4460826,
  "README.md": 1776183946.2604268,
  "public\\file.svg": 1773901155.6900039,
  "public\\globe.svg": 1773901155.6900039,
  "public\\next.svg": 1773901155.6980057,
  "public\\vercel.svg": 1773901155.6980057,
  "public\\window.svg": 1773901155.6980057
}